<PAMDataset>
  <Metadata>
    <MDI key="DataType">Generic</MDI>
  </Metadata>
  <Metadata domain="Esri">
    <MDI key="PyramidResamplingType">NEAREST</MDI>
  </Metadata>
  <PAMRasterBand band="1">
    <Description>Lookup_Nibb12</Description>
    <Histograms>
      <HistItem>
        <HistMin>0</HistMin>
        <HistMax>2529.18212890625</HistMax>
        <BucketCount>256</BucketCount>
        <IncludeOutOfRange>1</IncludeOutOfRange>
        <Approximate>0</Approximate>
        <HistCounts>733073|2515|500|447|178|141|73|27|13|5|12|11|16|14|8|7|2|6|10|2|4|8|9|9|6|4|6|10|4|2|3|5|3|2|2|4|8|4|1|3|6|1|1|3|1|4|0|5|3|1|4|2|4|3|1|3|4|2|3|1|3|4|2|2|5|3|3|3|3|1|3|1|2|2|1|2|1|1|0|2|1|1|2|0|1|3|1|0|0|1|0|0|4|0|4|0|0|2|0|0|1|1|3|0|0|0|0|1|0|1|0|1|1|0|1|1|1|1|0|0|0|0|0|1|0|1|1|1|1|0|1|0|0|0|0|0|2|0|0|0|2|2|1|0|0|2|1|2|1|0|0|0|0|0|2|0|0|2|0|0|3|0|0|3|1|0|0|0|0|0|2|3|0|1|0|7|0|1|0|0|0|0|0|0|0|0|0|0|0|0|0|0|0|0|0|0|0|0|0|0|0|0|0|0|0|0|0|0|0|1|1|0|0|0|0|0|0|0|1|0|0|0|0|0|0|0|0|0|0|0|0|0|0|0|0|0|0|0|0|0|0|0|0|0|0|0|0|0|1|0|0|0|0|0|0|1</HistCounts>
      </HistItem>
    </Histograms>
    <Metadata>
      <MDI key="BandName">Lookup_Nibb12</MDI>
      <MDI key="RepresentationType">ATHEMATIC</MDI>
      <MDI key="STATISTICS_COVARIANCES">281.4620074019829</MDI>
      <MDI key="STATISTICS_MAXIMUM">2529.1821289063</MDI>
      <MDI key="STATISTICS_MEAN">1.5156683521769</MDI>
      <MDI key="STATISTICS_MINIMUM">0</MDI>
      <MDI key="STATISTICS_SKIPFACTORX">1</MDI>
      <MDI key="STATISTICS_SKIPFACTORY">1</MDI>
      <MDI key="STATISTICS_STDDEV">16.776829480029</MDI>
    </Metadata>
  </PAMRasterBand>
</PAMDataset>
